mac_hash,label
004c76bfe9f7b20f3651e0bcbd8eee9e,1
0084303d531091816387956ea26b86eb,1
00872a1ee635c2619454350b96b94103,4
00a5f69fc7719ba29c7b202f292dbafb,4
00ad41313f1f637e079c1a9d9a857d12,4
00ad53a97548b2d68c245ba69e4fdab1,1
00da476467db35ada3951ab287a96c28,0
00f08aa7233716d875c973ae2a4e1899,4
00f6779772c5f0bb17afb379d5166717,0
0110f0c58f5a6297b3669c3d9ec5111c,0
013455bcda41eadc9144bbf51fc904da,0
015690abe5846ec4e56a96e0dd25f81e,4
016e38343ff8c957381a3167243b190e,4
016fdc2321fcb9a55a1bd62f2ca85ef6,0
019902bd2692096ce046b1674861dec8,4
01fba0fd0ada3b2986e4730b77d6f350,4
0208ffc64334c7a89ff7185f755bc76e,4
0217cc1b7a65f89cba1db3bb4e3d102b,3
0221d6274b6a4d125580e68ebfe4c1f8,2
0270379f2141ca113661d95dd9a435bb,0
02a688da55c1653e82a7357ae1d45c53,3
02b8379ba3c8bbdaa8a43a132c2aa177,0
02d0558e8f9753fac35a3a47877deb4f,3
03478ee9f3e57cf223915252a3d9bba8,3
037c279579658592db48e2e417e33d09,4
03b13cbd6a277e32c416e8c567ee25a1,2
03e6c16a779836aad6db7d5677e78625,2
03f6bb5673d1256eda52e690aa4298ce,0
0408f57b08834ef586dcfc20e9927229,4
04302b543f873e2b5980c8887b953c9a,1
044421f892022855b116636cc8497c2c,1
04bff40f6f0b8252db85d36f02e6b5cd,4
04c3173e5b4861b06eb8063b5d258113,0
04e1450470550fc587bf3e1b2355ec24,0
0503649f22a020281f21ce128b3ba156,0
051523bff8bcc19404bdd5ef6355fe8b,4
05bf3dbac7d3e5645b1721f705a21997,4
05bf477f840a47c5fdf0541dce482538,1
063e96f3d29649589d2519a7b12dd564,1
0640964b7503bce4253f27b9fedd2b16,0
068d012c6bfa49e598a052e4b48cc32c,0
069d76fc5de71b843227e4c430cb3593,0
06ae6c5f04c82d0bcdda7fe6f986e8c2,3
06b5346f81b455e9d093ac4a243d40c6,0
06c3f4595e3691957f3346f7378f4042,0
06d17fa261c24014ae3facfc27491eb2,2
06de4f9aa657e320f5997b72ed48c8cc,3
071531b39468109734b2befe5a814f6b,4
071eea22bbfd00b94e7911f0987c0643,0
073600bb2123b5ea6b1b5664af98dc69,2
07395cfb077764337994f6598a1336b0,0
073b091990757bbaed240cb6f74cc39b,4
078f3139f50b0ac0901008b57d989fa8,1
07900227e5086ea20c330fbfefcae8af,1
079e3738c0314900ce1488917e65cdc3,0
07ae502649102ec9357d8b7890a23a18,0
08045498fb48ef1b670e09a4cdee82c6,0
082584c47ca065a80ff90600915b2241,2
0863f578f977e849dcd901b51b965245,0
08981e015e9fb63151467e78059cf42b,0
08b0cec544f4170809ba4770e3fec9dc,3
08be7ad485005650708e4e3c1cfb3e77,1
08c12a8e41920c9b7f159109729f094b,4
08f94240e0754c7223e01fdbc2a98439,4
094a8a41d6181b1c8607b20f9ac01096,0
095ee899d500a7333fa472c2ab5e1ef1,0
096c0e5cb9557521eed431ab345d9dc1,2
099f80bd8e427a8fbbc563fa178b0d2a,0
0a3c9d8ecbcac1a23ced5f1b09f80e8e,0
0a82809fc27cbfe369b5db099db8d252,2
0ac8f9fde5558ae21fe1bd744ae264df,4
0b278e58ce8c16624af6739cb3eba1be,0
0b7fee2926bab763688a49097c3b230f,0
0b9922fb9be31ee11bac8bc50f96e8d5,1
0ba1e0b71d42683225059b351a3d07a5,0
0bc15e9d21c6fe2706c024fcbe716156,4
0c5e9a88e4507088576327a9bd302837,4
0ca3ddd2ff6c450b58473d4fe398e1ad,4
0cd953ad1515ce55599cd4e0d60bfb8d,1
0d268357d49ed0203c9e3cc4a0a7fcdc,1
0d3e79de0ae05cbf7a83821de4137b74,4
0d6f42c64b5d6a6b33b99c4e6a6e8bb9,0
0d721ccdb35fe27e5f8c9ae791203c4a,0
0d8b0698bad3ee72fe83990f458ae46b,0
0d998e3bc2a2af5f29bc3f71d6f1c4d7,0
0e09750d088b497eb5bfa8094ac25b36,2
0e3f8cc5a7c437bddfd3d6e90ca79c63,0
0e45c176390607cac3baaf29022b609c,0
0ee49c176b2b0fd777857b77bd9c2f2d,0
0f50ded707b969fa07be123878d745fa,4
0f553ae38628f0adc21d0486ed14c839,0
0f5e27d70f1bac7d857e5cc2861a53c4,4
0f91f7689ec64d0b1507b1f619031cb1,0
0fd06086be3a241a360306ce70ac4224,0
100ed21ef912117520613c7ba11ae84d,2
107d719dd19a2eea7c46acf4100cd7c9,0
109ca645e7876f492045bab3034b65d9,2
10b4620945dd6a8673bed1bbf51b765b,4
10c512803e7922dfa91d5fce3ff523ae,0
10cd3b808fa5fdbafa2f93854657f9ec,2
11a2e3f01dfb764516c174f094e3d78c,0
11ae5d633ab78ad50bd84b38e679fee1,4
11d28baa951a099030c8dbe5987d2925,0
11dbd22014c98b0ec15b7fab7354d967,0
11e1ee1099cb9c5367854340e0174358,0
11e60d55f911bcca062d76ac41178091,0
11f7d947fca1776a36cfdbc4bacfaed8,4
11f845a6526791da829ce24d51b2e8ce,4
12134ff87cb76b4d52be4d7947bef66e,4
122ef7b09a1b2b8ee86104f3dab391c9,1
12510465239a6cf68ff045634fd9885c,0
1259d7e4bd38c1854cad254377757f2c,0
12b33d7558f21685f392e0d0f2bf7789,3
12df732be5d29c49a17685a9ce62fa60,2
12e74ace5f405c7ee521ab4af3ba7f74,0
12fb22a838877468620b9db2be329678,0
1331a42d367e7439bb7157d60a36d928,4
139af99fb61bcb9e27da4da19af418a0,4
13ccd191578e382228c2d107732538c3,4
140fb032ed751f7ff42d69f4cb5602a0,4
14536147b157c37d86fc4a73322f7519,2
14bb43ec30bb6b142827ed3389f1379d,3
14c9912f0f7009ea124e01f74cc9cb39,4
14db93e8e8cdbfd544213253e539c376,0
14de421df20de516d3434928aa418638,0
151e8fac1f667b4996de84939dc74a87,0
15544d406fbde4f68ed3c1d1630c5dbb,1
15cf29a16ccaab4be0d09766359c8989,1
15efed251d8b2c4d6ab6bef4ad98d37d,0
161e19765f13725a41437991a11e9b2c,2
16630edaa7708b8f264026aed0e27567,3
16932668f62cabd0b26baad97f745af8,4
16c97694848c178dd72f36d578fa65e1,4
16c99fb6b4cb25947b253e4edf684336,2
172beb54638a22b98218a7c3cb8f474f,0
1763a258995d0f9d2cb3a84a81d40f69,2
1784556d8a588600d1be4e2f6a04c54c,0
178460869d8e29b92cf68be03521da84,1
17a7100c7d5164244f569ac359bff6cd,4
17c32bc462aebd7472e4017e8f025b55,4
18109d06f6421a176118ee55a3a85eb1,2
1812b3bed49bac11ad2353763ee6f5e2,0
183475a5a890f4edb9ab6567eba20565,1
187b5e8cccbf6e8777d5416f0e60551a,1
18c2bbe438cb1f7fbb7a831334077360,4
18c57a21a3df596bc6c637ef1070ac42,4
190856763f5d4ce3bbbb44f43d7073a3,0
19185a9514fccd8627e2bb6b1d3a5bde,4
19afd92f99220731bf1c51eaeacc0314,3
19e13e9afda5c2b178b45d98f15174aa,1
1a4d36a84b0c13892bad58262a66f65d,3
1aa246b37de642f23373d081773d9f6b,1
1ac703adf6d9854366d9c6de78211b55,4
1b380c3dc9873f7e231c0836c4a724a7,0
1b3e81bfa40b3bcbe12661c8503ed5bd,0
1b5370c5142f43fabf4f7a32b44d50b2,3
1bb23c1e3bee02e0241223c25b416137,4
1bb2e2714239a8b05a47d0d4d6f80cc6,0
1bc2f33be6450cc101dd3b8d3004aa26,4
1bcf04d843c14c689eb85be4a7866767,0
1bd56b5ffa851b5e0d1c2c2208b9129f,4
1c3a05ad3d13701bbf2a752052315ed1,0
1cb5bb1c4d4570e65c5b298f2e55c451,3
1cd8c6cf08f5e2564d44a2f8a2592a81,0
1cd996008821c1f32785ceae869f2198,0
1d148dcad951a176fefee1f173fb99d8,0
1d34b657fea4c70dabd5719ee2396c0c,0
1d701e85f0a2e34ff4cf517895b70cfb,1
1d72224584577d92c8f8c73f8f81c78a,0
1d96aa90e74d74b88d1e7babdb4925a3,1
1de801eef6272807ebcd0be707ba9995,4
1e2867ceb8920e45da57630300354c43,4
1eba16270c4041006523e72e0d6af9f9,4
1ec805967a19bcae1bedbe5b3867e455,0
1eccc6ad812782acd75ae04b4a81ef47,0
1f1321dad95765e21f6702363155ff50,2
1f15c4238e1084b41656b6224900d3c6,0
1f81402781a2fd4e0ff75c6997a3bdc2,0
1fa15a956a1625bb48ba52755d0513d7,0
20317b6fb0e36b34a1882e5838d1f894,1
205da46cbc4235779d91aaeac7fba7bf,0
2063cbf8a84c6a976e679e207dfbcc7a,1
209a822403f1ab6af2587e0b5aa72a52,1
20a4fccaa541ae36f1344602950cdaa9,4
20b7d3d407c49e0761a696d59d33d92d,2
20cba9cb16a113dd04126de02129e7d8,4
20db7bec661efd2cf75fbb071f2458f4,3
212b85b657f29183a417a2b281dda3bb,0
2141a24408d1ec0e4282eb196d154a2b,4
2150e490f05202cd9cda2ed5795b4f5c,1
21541340d6d7ccf66531ab39cab0e443,4
217918f5bda2f4ccfb85e87daa01dabd,0
21ac3dffb8b42bc30012858d99d76e90,4
21ea74d65d4b7e56b38c2aa5fd99b3de,4
21fda0cf3d55c2c18e78560f5341a822,0
221d3d1e42ec63e54d4520fdbd54d8ae,1
2268c244de1bfb7ce422138801977729,2
22702fa7eef5364855f4da1c6bccf9e7,2
22e474a074027e9336ceb082ec40dc72,0
2352cae9cf8296d5a6f91e4975ac76e3,0
2354e7a182b015e23500bdc004ea4a62,0
2391aeb4aa9e9b254c903844fbbd302c,4
23ad12436ad530a53828e059516a72fc,0
240653a4965bd11c2b7ff61a70b5e5ab,0
241badeaab8b4a753e92f397f3ede8c8,2
24350fbc95f2c09fcc5194d6c50d87c8,0
24aa9d6242f3de1a0950cbd3e74f788b,0
24b96009777d460dc44a51584f571d9d,2
25130c76006dbbff3fac50ee70fe77d0,4
2516c8251b106425195cd76cc45ecf56,4
25216a673e525b3af4c3d8debac203a5,0
25412ff2458444642e4a715096f60ea9,4
258a983fa6bc4428ba5ac46597adb738,4
258b20a1265012c757124023559ddc19,4
25dbbc46984f659af9a82cdc1d42ccc3,1
2616f2cdc1badd14bc3b5473fd6fdeb0,0
262ee2443c14a7328022880dfe723ea9,2
265083aa4b39e7fc7a7665c66ab374da,0
26838cd7adf4565e7c50ee069e7e9c76,1
269adc94ac54257f2dd4113164c9c31c,4
26b45f4776bbca64a6fac783649c6df8,1
272fc52fba1e408ec2708b507145438e,0
274baff49ce0f2df90d826574e477526,0
278ec9ddb0bf9b96a6ff73910adfde0e,0
2799298125b0d537f167a5ded5cebe59,4
27a0620f0933d7504aa3e569bfe9dc92,1
27f85ac3d1e41add25e04c881e5fee2c,4
281e4ed22aa3a7e6dadc2d533f908a12,1
283c277704fd9c15bd47652a107842b9,4
289d72ce892672dde0bf5c6bcfc2e400,2
28b38ca80e13e951ce466cba72e4ac7a,3
29e9170634fe76f9022ac6f8c516b032,0
29f9b784a9f87a5e39242b03a51fbe36,0
2a091fd3b7c399c089f788918a4c4c6d,0
2a1a48aeafa0d5c0fad041bd3bb5ef5f,1
2a3cc8833e655ef8e857c4679f424d1b,4
2a663fbd4ef443b8eae202456f6e3ba4,0
2ade80413536750cc0494e65ca01d15b,1
2b52aaf8cb0936a479fbb7a283151c05,4
2b974d5d9b21a72d39bc92a50a434eea,4
2bca34071220f7f16ca183f150db1fad,3
2bccbc9d5ac0823dbb406c5c4babbce1,4
2bdb76ed9546e33d23b8d4df05f201a9,4
2bef8660f2ff746e2d4fe4ed208304bc,4
2c2ee61f7f41d4105b52c41ab441f068,4
2c321ee863611f07cb942aabfdc1af12,3
2c7ef0eb3254f7016c25b4755dfc0300,3
2c8f4b0ea93a55af12739dff80b4436d,4
2d33f2edba1a996d6685bdedb793b260,1
2d460e2ad33533ae4ccb5e364ba07769,1
2d9e34a0b50b2f09680a3cefa1cb66cf,0
2d9fdf90d11aad704528d09284d82716,4
2da4caf739b7927ed1aab103b2fa5152,0
2db18fa1e20a5062166851febffad87e,4
2debbd61142cb72947b9bbda5aa7ccd7,4
2dfb4d3eed1b9efa8967cc45208f4500,2
2e57902f9eb939e52f4d1d0c3c578ee0,4
2e63b350e1eadd1142ef695f5a42b1a2,0
2e7d68a8c5f90784b94118f558a5a870,0
2e7e3d09301eb16a977d867836463eb8,0
2ea8da9e8397b4b432659f1d38526a51,4
2eaaa8a042d0a04fddcd6e44a917f9c5,2
2ec92770cb705e22751574ba108c3605,0
2ee0cef15ede92744edad494fce927b7,0
2ef6391af1254e5cff47ebfde930cba8,1
2f1213213f9d344ae6ee8328a1df0b11,2
2f4932a4da36bba6886e6e980e73f9e0,0
2f680a1f94168d9b0d883c9964572df4,1
2f98b1069a8ef8c4c37cffdaeb79ac1b,4
2fae365161b2d3d0bd8199c94b5ef362,0
2fbc9bc46bee3b8d2cabfef2554d96e5,2
2ff93b885d545f9711a2721cd818352c,1
30d802c7d1866ce8190b87be60502bae,0
30dd68683aea28c01be9b75111abbb32,1
30fc8578398951644e9db66f8d67264d,0
30ff6501ba9fa9885ece9828d154b96a,4
314ee585997a474f5e4e8950012fabe6,0
31ca2fc52c479372288cd5725df89081,0
31ec0fa30d58ebf1c7a871e656f4e090,1
325f39c19d16cdd15e79da4af570fe77,0
3287d77da2a833baca5fbd32f4eaae91,0
328e752ae706e0cab036eb60cb363603,0
32a6c5a25990fdba142749b42c81409e,0
32ac0983cb812342f76e009294b43c43,2
330167a57952b0592c53c82dc98d0b6b,0
33069816d19a41bb1f04eb8bc6b3f719,0
3358c962003584c17608972dafc9fe25,0
341030194b35b10d86401e5c49474707,0
34514937b1d5c46d1f655b08b5bac780,4
349184fc8d49bac4b6bebd76b0bc88e8,2
349a382be0e89ef5984c0be4a4447c44,4
34ada2f7e4c8bf8d48b856e2fb2e875a,3
350fa9f5c1d38d0a7e8569d462e288c2,0
355efbc8026875fd4b70791ba8b3b6c1,0
359cd9cd2039b4343f9e7f023b19d789,1
35df85b51097f796407b11740f801e04,2
35e10d3c7d5c2e0cad4e679b523616cc,3
35e3f4aa0867ab803eaf4540480d02cd,4
366da213e720589d2aa013fd7fcd6384,3
366ded3a1ca83eb018fd4c0f2d528ff0,4
36a8da369e4d28fad76e00253633e3f2,0
36d24d43ef4d7cec2c4b87bbe72520df,0
36d50abfbe0daa831eab362ce62364c4,4
370a11ba4418aea5908ca1b326b9299f,1
371a84fcb240acb404ea11c8bcc613b5,4
3726c0b31a87e98717ef94bd76004669,3
378ecca586cf7e062d7116334bc949d9,1
378f5fae0844a15bd6565e15afb2f492,0
37b4585c55eaca9ca8df944ab575e420,2
37c24421e1238e5890696bb105bdd4cd,3
37d8d1d8074d05a175a3cc7d36904577,0
38b1196097843b1f9155ad7b42d37393,4
3902a3f0ba8bd0804a1f375e966965ad,2
390eec0d440810c643b18b7ecb95f8dc,4
393f39c295b691746a64a3f0fcfbabeb,2
397df8fd5b869971651bac6b910f7fb4,4
39af994e85af373ec7da300be080f613,0
39c5737b8a58b11987f9423489ede81b,0
39db60adf107576d0c8d4bc95585c0d0,2
3a15621a5c9bb53b3c2bd020c5c60d84,1
3a28671832afa6c51cacbca4c00a1d84,0
3a4276bff4d9a8ad0278b523b13dcaf3,0
3a96b48bc7e2be34c3e9545661a3b5d3,1
3ad213a8b185d5cecca425dae6e80608,0
3aeb8568252079cea56bf7666295185c,1
3b000d5742d1339e7e5f91d7607027fd,4
3b0535209938d4343a7f1ef13fa7dc0c,4
3b21786a333900b7fe9d4092e6888bd0,3
3b796cd2d3d5f3d941fe70bbc096949f,2
3ba11c5fb1b8b4181d576eb261f33b83,1
3ba9daece52209c6d40c34c0d08804d7,2
3bb00312b0a7338c8956d1361906adfe,2
3c8f310123215d2a5f380bb409d7d212,4
3c96c65373ceb58bed8408c6b8035d79,2
3cb4fb35d416d9f97dc76e88a4f3eb6b,4
3cb85cd97f8a75ac80a75174f5befc27,1
3cc272fe690031025af0d8ecc27ad2d6,4
3cf041bf2e01f96f1857dba55b57e454,0
3d14ea0f8127ef4d5b8bb57607ec41af,2
3d1d7edbcd0869a0e5140dac4a2e0a79,4
3d3be128b81d4cd4c86c34f196149b84,4
3d7dad7750bb997d3bb17e725c705d1d,0
3e481f58bf2e9b4fcea8deb5fda63e36,0
3e83c3f0448f1d1d9d07be49aa0478b0,3
3f21850645c074621a1952e96a371368,0
3f2440821bec5fe68f2720d73abade58,1
3f602d16f0d57bbd7011c27253ce1555,2
3fb9d786d72629c5dc76e98009f03f0c,4
3fdf033cfb2b1b865398082fa212dafa,0
4018578dcb7dcfdeb000ad6bc2be05d4,0
401a4e6bed83b21683390504d2d034a1,0
407eb3c3aa6065292e096579bc541989,0
4099edb1d0968f03bcda3c52218adae7,1
42108bfe9e5d3ddf40f8fcfac7e2d6f3,0
422430d4710b6eef9207125c4053d064,2
422be25efd0659e4fcabed75d19586df,0
422ccaf42ec0baabba85b1982fe91cac,3
429c770fab30f96541038cb8bca45ee5,1
42d63edb9b3b8b8e1aa4f07dd4e8b3bb,0
42f5410cb634dbec0be365e214f16128,1
438f4fa83720a4a2d597a9e17da6dfc3,4
43e8967ee0deb6506b2c76cec7ec8d72,4
440fd1156b6c4d9f84978067e6ea8aba,4
4416095092214438920b0bfc04d0e43b,0
442c355a77dc2fe9c7eefdce007c9559,2
443269f128389480d7b4dae13f153aa7,1
4444d88b18af91db8b36a3c8d119b55a,0
4494cecb56f5c30ae1d38abcfa032dc9,4
460d36c683941fd66c1214d175f36925,2
46298fe752b05d1d088bea499a606385,0
462c6fbe5f1286088789e3003fece818,3
463766da7b5b170e43d5aa89f2a9219b,2
46a1d80907c5153e9aa79b273a7783d7,0
46e2a8ed52d38a14d8800a63d84c7aec,0
470e64680cf352c83748b316c487ea19,4
471a4051d7111ae8fff4ec2059239093,0
4738e4ed2533e3ec695438b89fa19600,0
474b2bdee7dc76c685a6d1d6e65ca472,4
4762aeba150ceb1aa590a9bcbefb18b6,3
47a12804d85bf0d8a74dc96128cd948d,0
4826faaf486f5dd8adfec5cfd20554c3,0
48342a38b746e7f45a93135d2f14c9ec,4
487b4c40f959ad7066aa5cc89b2f741f,0
488a97ff9c79cd081dbcddb8f2eb4817,3
48c12fcbd134d670f294594dab965601,0
48c8415341d7727eee896e6b96499bbc,0
4968accea20838990a1b5e179b7fd380,3
49bd8e12ca54658e735b1591b5ec13f5,0
4a6f65627907d6eca6d25808b881af29,2
4a84ba2bad1b73cd723e0464095f4f8a,0
4a8ab9ac962c30cfb1bb36e60781ff2e,0
4ab6e75477ce8be80ed6e1dfba55bc15,3
4ab9343abf2b2a7e1fe253b291e190cb,2
4ad426e7dbce31f49b76bb85b50c4a0c,2
4adc05376001077cd5dee48b2c91c759,0
4b464d83ce8e1fb93baa5f6db9814b1d,1
4b9f71d9a9a0be0223c0ed2054acc565,0
4bb20e9d625a4f8af149d3c7ea03d485,4
4bbea0bc6adfa4ec0a33f799864a51cb,2
4bcead4a3cab3f33414970dc62b5ab07,0
4bd116fae593499177db748f44cd4594,1
4bde21e27dc4b0765f6791f5f2f1e3bd,0
4be19d3a353156b48233dd3fce4998cb,0
4c17ea5abfdedeb0a9bb255dae18153b,1
4c2cbe0b122e038d273a38124444f23a,3
4c43b5c13c40ed2f0f15865c289ba6dc,0
4c4d4cac9045be24f6a5a1c15452bb8a,0
4c6190fe0dda12a0e0c1bee6fab19f6a,0
4c633ce0a2f6839758a43ccf51610db3,0
4cbf6a7060c36919aa19a5acc2b0c5b8,0
4ccbee670804ceecc8962513aa9cc56c,0
4d05d5ffbd9f42af85d1925caf19305d,4
4d2d11a11d8483fe44731df536f9aee5,3
4d3aa7bcaf197233d5f8b97c329ceb6c,2
4df3017adc36e0f0ee308fc077f97bf7,0
4df3640e580f1673af9bdb15d4fb8fca,0
4e000309d2402818dce83755c02b0c4f,0
4e0844b322b3a2b1b61b922cb021a9ac,0
4e4e04675a77ba8464d8b5742a911da1,0
4e71513c3430d5735f308d88cafdcdf1,0
4e8b4f23a9dc6b7d863146a2129f753f,2
4eb58460e69c7fb5dddd2edd0377d5bc,1
4ede9c8bf733376f48f2602b8a01a790,4
4ef0863628c0110ac3eb389528c63a96,4
4efd916f534a8744ef5c4d26a2a13949,0
4f00cbdcab28792cb5bf38ce421710e0,3
4f328d5764438ee7c3ed45032490377a,0
4f89826c4ce9d7e8f657aaea9b698918,4
4f8b8a1a834947291916ded7188dc9ad,0
4fae965a334fafd4ff5fa16a8afcabd6,3
4fed40a7a15644cb829ed2286d4f8b54,4
5014d109439c6d75a414cf6ee2425fc1,2
501dffd17558b174bec69e32dca64209,0
501e5a685c547f255a4e783f972f485b,0
504b7e53f4a7c1bfadc57b0f10ac5406,0
5078f6005d27975907c7232e116c1ba0,2
508464c65b0ba35fcaa81488208ada89,0
50be63450163997d1214391f51682a26,3
50e0f3abec139b0ceadf525d57ff3ab3,0
50fc8aa5fddc030b4a1807e062f80588,0
510182871adec3df4779a2557ab7dc3d,4
5160807e4bbf1f3eb1305b54efc96de0,2
519c6b3ae24e2dc597073fdb91c9a2d7,4
51f3332198e12121f80912621ca701b0,2
520301f9c34545862dc7f534c2e14490,0
521e88be83a2a916583878a40f98fb29,2
5274e0a5a70076a8ae34397a01fc4077,1
52a0a12d9c3e1480e5521f5b25e55252,2
52e745e120b087410e506bb11d4a7db6,0
52fe84f529756d010e3b74ffbc3ff5ef,0
5313fd6d4e4afc913e74292f949b6fb0,3
536e68a83761c0ccde2967d615514af3,0
5379e5401850c0f27ce581c4d44dc4ee,2
53822993b8f37970a1d6dfa7994cf56e,1
539578fece10731410c64a37c9f8d1f2,4
53e5c35ab87828818f4615de59bc84bd,0
5409d20f5e79df106fb08a4b0d1e1d59,3
5440106db0d3ddd015c99d61ae27163c,0
54584b85885277ddd103626227c063b3,0
54c37b1cbe8967030372065209521b94,4
54cc860771ca34fd4f3d597c151b896e,3
54f0b0df1121428c5bdb86961c8e6baa,1
5510ffc60c3eb1fdec46568acae8edff,3
5519b29dd993284669788f5475e89ca5,0
551d598de213174270cd6df51ab6c429,3
5575af09841ce0b553981df0a952fcd8,0
55f7624013dd762fbb61e409b8e1fde8,2
565322439b5f2102a4642e0c1874c835,4
568bf7423913190d72273372c428a538,2
569709bd0cd90f26c4c7aa270d80a3db,0
56a6cadd8486e68eda91cfef6660d456,3
56cb9738e1cf8da1490db630a1c7118b,0
576538c0870e6f95994961d1afba9bec,2
577cbd325b9ea280fd73dbf277eec75b,0
57de8fd3e740933d5c6ba2bd6e4a3fb2,0
57e904c5016ea727b3659da193d1dfa6,1
57f935174c8e6bdd636c255befd87fae,0
57faf106107a318806e908446c432c95,0
584248a3b2691780f0023125e42d9456,2
58477b1e458d7dbf06f82b182b0fc39b,4
586371005c822410ada47adf0c0f0c28,2
58def66b7fdab33640ed1ff422b55ddc,0
58ecb8dd957dd5c2c8bf546331cc275a,0
590dc41bf03457488e9b92a7376e0ac4,1
593734737f0b98d4cc0d9ad71a9e033b,2
59722c90cb0e20e9d9fd535fa5aabba0,0
598a9f05f82ef45b11c1328d8103f028,4
59bb5661f086fff435bdfdfb19331e72,0
59ce9bc3e07f56a99964d53386838bf7,4
59e229717303cffca83b3f1cf4db51a7,4
59eb6f0aaa9b8d85e403701ec4034379,1
59eccd0059d2fcb7ce7cf7446456bec8,2
5a571c7e8512f03e671fbe3a107f56c8,0
5a621be6771ca30185e55554e88bae14,3
5ab87da2afff0326255fb2ec5a449ae9,4
5aded95e907951cff50ff7a084fa3143,1
5af0dbdaab492307016e3f5f2c1a110a,0
5af7d4c4df996d67620eddc1933b650b,1
5b35c44b1b474f81e43637a4d5152e73,2
5b6892d8e57ac8dddf0ac2af9e43d723,4
5b88b49966079ad4bbc85774e9a145fb,2
5b9dc143c785c1aa2b057e9fec091f2d,0
5bdb3034e2152fd74fa2a14f08a44da1,3
5c13f65fef26431b19965afd4886d53d,0
5c74925c3cf5cf8d3eab153048baef37,4
5c86e06530056428a6e36aa142be7d97,3
5d142c0b89a2ab2c337425aa0a72c5c0,0
5d2ff3965451623b2883f643e724bc2f,0
5d413fd1735b545ddd08aa6286dfbbe4,2
5d6f7c1c7c2a09e9d70372165a6be157,4
5db9312e7d153a60aa09ef94329342f2,2
5dd1207a70a7fbaa4a2a226364cc65e7,2
5e0b3484b9b7c5f0c5173f86d4002cd7,4
5e11b2fc185ba47a4e547f561166eb1a,3
5e40e9276e1c529d1899edbf6e317f98,0
5e5bf6bfdd44cac13516ad60c005aad4,2
5edfcc20fa88537eacd2b64c1c47e736,0
5eea1b86a8343b288b4e860f599fc82b,4
5f0608f981721a718393dbada04032cd,3
5f0e8836a66b0fce003b70b7cb34e29f,4
5f21b3fe491c50d310d44752eeca9cd1,3
5f3275428d038dc22136e5a5ebf1bf33,3
5fa691acda6a27ab08b5e52ca00dfa4a,4
6003d0981714fb57e1ceb166b68c0f61,1
602707cda423663d4d8e7d74fab5fef8,0
6086c902b2b51f9cde1e723b2a3334c8,0
60b21d4ef6c45035343b60a85e01ace8,4
60b5e9bee2fe16cb5a0dc8a1484e3ff6,4
60c75c9de1b392f049d75a6a7dfc7b4c,4
60d3b89b7cbca6c0b778042fc5854761,4
60d7e46b2b9002817bf5f6ee7dd01645,0
617606fbf4ce667355f96a2af917492a,4
61772be581232c8bc99e1d40a0c69676,2
618f5d1c24eeba757d531d5969c5dede,0
61bb4bb0987299ce5e318997212e0847,0
61e2c4b0c95fdc062e7247fd8c3fcd27,0
6224d4ec9e9c1df010273d3c3b0ab22a,0
6238892f92896a2a3618361e72d0da64,0
6250509f8c3966d191dfe03dbd058b5b,4
62648e0a646cd49f622ea3bee7d83b04,4
62661bd57965731b22d8b6b3925ae5cd,4
6292792dd68b22c22dd2ce0f0b2efbab,0
62cd94cf408b51d178bc9c195843ad81,0
6360569913e45e3924d47017c6efd270,0
6368f304c1b798bf4b13094ec80b4e4f,4
6372cd49448b48572101c0b3fb45ea94,4
637e0a91752856b74c9d4e9e1b250ba2,3
63b8c32e2f9a50b873ac4ae73be99b19,1
6495a970d8c62d1afcf99423f3645a8d,0
64f25e456664bb0568a11533dbe042f4,1
64ff99d7ff4d15ab3e9a26916d059c59,0
65044429cbefd3762a3393d4beb2007d,3
652042c61123fcb074b91464b6a5d324,4
654eb3e167a010af283a793d8f4ac73c,1
65830d3644788f0332d27e52307cd2e2,0
659716b4d99b26c3660fa960f64961ee,1
66063973f89b10e9e548efec371e9cf3,0
661962eb366c550ddad18b3b65c1bb73,4
6645132c28e10e5946e496227ae86dc2,2
666c6e7d964c87cea6aed5e705ba972d,4
6673c80003c373c93171a662f000114f,1
66ae57abefd76954c241c4254091786e,1
66bfd6582dbc9f0e26b4bad4fa0d3e6d,4
66d9bfc3c2193238ea6480709583e36e,1
66f2e89a64bff77a772d047991bf045c,4
672cbb579d213fdad66b13e3ddfe7843,1
673f4bbd4373181c617e5cf291ce806e,4
674d85e9aa6c834db80cc0a68420764b,0
679a86ecc8d239d9ffa544bbcbcd5bdf,0
6853dd43e5046ad8c44e6adc5285f3fa,2
6854628f922dab4b230b7382eaccb8b1,4
687adbe9318c2e14b423d3765a09fec3,4
68db878fa18a07c64572e74cc7e16773,1
692fc8939364a0ea5200cc20ce82b919,3
69cec436b931bbec8da04d16c1616c73,2
6a1278fee772f899fc52545e127ca75a,0
6a48466713938859e94946e4237665f8,0
6a70f4ad8551be99925830b034a6039f,1
6aa54cd9bde1f8dca769d45396d83160,0
6ab40a8eedf1c66a5438bbe0609d5017,1
6adb9f816695566d206c37b992808f34,1
6ae51ddd79be1fc379290104f3d9f6e1,0
6b32e301dbe508ab61fe07df432c8ba8,3
6b3986b99d1a95009833ee1af79c48ad,0
6b71e94e80c674d3983862f64303b890,4
6be8252f8802754fb142f9b3a8759e2e,2
6becfb44b19f600f468336603445e3ba,0
6c016067785d019ea1bb7f446cce0fdb,0
6c0570a6dcc2a9250e67c277d252bfe1,1
6c46d88eca71fb13627ff97515a31b26,4
6c7d3c73652eac701bc83ddf75c26c79,0
6c8dbb68778a491d393b8e4f74c4a628,4
6c9cd018c986dac11f0eb77319274adc,3
6ca02a3d992056d6beed4662ebeaf8f9,4
6cee46299958c06e1a935811bb03caa2,1
6cefacc8b799057368e92bff64dd0377,0
6cf9df0168cd5e1b4442f5dfabd6a0f6,1
6d2ea7a2ff7ae92de8e42cc6e90db182,3
6d573a3891ef88f50add4787d0a09bd1,2
6d6c0aaa1cc0358fcbc675a795f13521,2
6d908648634aa4bc879231d059d819fd,4
6dc58153b31449fe53e7d236979b9069,0
6e00cd4b8d200425e5f2dda81a770821,4
6e5dce12fff235285b7127e0b109d6fa,0
6ede797bc4d5361c759c1b80538c8c24,0
6f337230eb0d1f33b9054e3720761049,0
6f39536126ffc627f64433b24a79bc6d,0
6f3d9fb021389401bb282ebccf1762f2,3
6f4b19f0f62c12141024afc6021a92df,2
6fa68c7e0110024541f4034647ac5a8a,0
6fb859c2c46dcbfde4f38b57844c4b98,4
702bb5a15965768bfacc398aecc2f075,0
70a816f08d111a9dfcb80ee97a29de80,2
70cebc2c4465e0e42e41da517c002882,2
70e3e2b5dd84ea3a08292796eff4c713,2
7158ca4f3ce51e4d531d3c761de89bd4,3
715958393b76f32cac34e33453aa3688,4
719336cbe0ca9f1afdd995ae7d2ff4b0,4
71ebfab612ccd56bab9d914f749d8326,3
724932b7e3bbe0a6d55ec6ba6693b44b,0
727777508f95dc3d800079fc5b0963e6,1
7327488f5effe71b287fa7de052174f5,0
73fbc49073f9978f9c79e74cfa671490,1
744ec7b7bbace320efb18e1ff847c2cd,3
745c5d0801cc9627a8753334bab9b3b0,1
746ba24fc149d09f077552097ce3214d,0
74a997d9ca2beac66674e8534935470b,0
74ad669a4bb7cd3f90aee151eebe0475,1
74b163f32282247cea9a1bca62bb32f3,3
74dc9d6bf68dd0970ed599b68843b19e,2
74ef11c3081ce119408a33a469ead3cc,0
751a5bbe08d74ea686f215ce661f8d4e,0
75869caccb3b9dab3a68cf6fceadd274,0
75ac159d79bc4f69222d3b1bb6817daa,0
75ca041413493fab2bf22b3092e44468,0
75eb9bc0706d6d602c17dc6d410dc9e3,0
76086a7dcde2ec3940085a8a86ac4aa3,0
76167e0246effc398964ea1e42280f19,0
767e0742d3b3d56cb8c5950b9ef7739a,0
76a26c79d3e628e590230ebb8809981d,0
76b353d69e93d09df8ff7cefd0696448,0
76c1063796d6a7247091868f0c316281,2
76c4166fb0ba2c6204beda16318e4cd4,4
778860c1e93917e19f7aad83836bb4d2,0
77c9fb240253e7a0e463196e1f334d53,1
78727ff238a45eff1e903e0670508ada,1
787a706b09ad4046610991651a1e4dd5,2
78ce8184131059a050ab46bec72e3964,0
79b238c4feec1d2c85df627c713f16d7,4
7a030b5a7334664cdee391a445558063,2
7a9272c188a1d2d4a6d952cc88ac7a29,4
7ae19274a3d7cea3d5480b4c677dbbd5,0
7af2c944e13911a6aa4b3c31e1d0d6b7,1
7aff51a704c86c2ec95b7ccaa1c52808,2
7b1c04b487a6d9c655a5f23ec85ff1a6,1
7b434ad05a34cc8790bf81bcca4ad61e,0
7b778d284562b3ec2c29b1227a0c58b6,0
7bedfae8fafd9c39d886fce8b12b4bc7,4
7bee3db5f85bc2e931ef76e9d28df24c,2
7c02b1ac2ab5e9d7d9688fcff6ab5d28,4
7c0f02986392714f6c5ca895888a4fc4,4
7c16068d20ac2bef57fe3b2559ce72f6,4
7c17247c399abb8b155cf84e22452253,1
7c1c86ddc61bcad855f2fb12b1bf176c,0
7c2baa9b4ea62834724f436002b8c18e,3
7c5c36567bb9d39d8de767d26f1786d7,4
7c5ce61a4c885bae524df994c5ede2a2,3
7cdc6525963670c5a65dbe6ec3ddf6b4,0
7ce3b5ade9ade0324611c4c51b1ae084,0
7d3c265b9c327919430e97f1fabd917f,0
7d955821950cabbac38de22e58756646,0
7db57417825d5908e24610f67a11243e,4
7dc1ab48b611990e06c714b0fcbb8ee2,0
7e3b2f4dd177d8f5f7f6a7ab8113b34a,1
7e3e8631ac556e6d984b9a9f8ae59e9c,1
7e7ffb384311da1fa51a2cc0a5f629eb,0
7edbb980cba98a63015877a09edff09b,0
7f4fa3d39d373944f9748ef11ea8c6ef,0
7f8794ca494c237503ced10e3a53c800,0
7fa3ad16332312f233c76d93df24890a,4
80156f382f9a8590fc4f189b58dd94b0,0
80243673e1987db437276eaf49eaf1f5,4
802bcb80123f1518bceb28eee9e1f2e1,2
802da9ae1910a73fa33fe7201dcf9fad,1
8039d94f07f39a36bfad411e8f8cff3d,2
804847be838d6cb2affa7a06fd47981d,4
805c1b6ab267064ac9bdec7277a7bd1d,0
80645252b80785142db55ef8f909fa36,4
80fbe1d4ae5bce151af67e1ce60a2a35,0
81a820d0785c39dbbfce69211723cf56,3
81b4db40f692c3425ef57092f1c2704d,0
81bbf85aaeb35b38a4a6034e95ff8a27,2
81bd4b5fb4059451642f85d0fe4df0ba,4
81c8acaa6d71b07922432ebcd9fac223,0
81e7f42ccc6f073bc2efc90e4d40e9e4,4
81f2d08ef61cd9e1a26f63dce7aebe82,3
81f7ac8a12d4847cf2e8e9163a2f12a2,0
82323a887970427cdf93d48ce1aa8e24,4
823bc3b04f4f079a1385cf34c151f538,0
8249eb4c4d4e35db9ef602e952aeb575,4
835d1ec7891ef752abd62f448bce516d,0
837efe61c13578c6a6115571736fa02b,0
83a0b494801b2a089c62bcffc77c556f,2
83a6055765f0c02d04ca330618997213,4
83d90fac645967a0e2ccc4d1566c1e00,2
84431446df6642b4616da4841773af34,1
845273982300275c92ef46336923c50a,4
845c5677f2985fc5d287d25e10767b7b,0
84f6f7ddbe27f259a045a61d7fa7b69b,0
8555dbf6fc0f87c9d592ca7d717ff00e,0
855c46eaf0b5050b42ade7251f8f5033,3
855c68f36419e9cc71af9c975caff208,0
856781eabd92c7cea14d924e9e89ff97,0
856e0f241757ce26c424c5291cab02ba,1
85959a6a9e1d15cfe57a35b14fc6a302,4
85dbeb4b09709575f74dc008e8ba0bdf,2
85e8e66f85fba843d7464659a076a2f0,1
8615fb995e0f562c94b60ab1ae7b2dd9,0
86170a25ab928df84212fcb3649f1bcf,2
861885e191b7d172824b735a87ae6986,0
8625d2436c0f8b9e152dd25219d4ba1d,4
867186eb073b0c8dcc7c8467d9465960,4
8680bdee03653ea7c726c2bfb71c2ab9,0
86dc8c81391531b83ac17b740a2699f6,3
86ee58d9a21d50565dbdf6732bf926e2,0
870e7e871863b5c4d0fa1faf88b9357b,2
8753882d4b65ae5083c7816093f5285f,1
8756b3cc79c69b98c98c31a4d6ef9a8b,3
876552b12b3c2931cf91c16e0afb53fd,2
8797f6c7aee4b788ac1676a8cfae36da,0
87bbfc2c06f61730bb0f54ac8b47d364,4
87c19cd3a5f1cd64a97c41e7e07de32c,4
87e24c5330d7adf155cd3c5843604513,4
881267c031e91610b974e49d5af22276,3
88889107f63c95acfc93512d5933bc44,3
88c1fd158a68f800c3278ec85a5bc1fa,0
8918cb6192bb508e212ae6ed8ecfa11a,4
894b6fc9c4077e73cb4378679a1bc919,0
8953edfbc6dcdbb85a611da4ee2c505c,0
897ebf2468e08f3aa01370dd4458f96c,4
899a82b8f6d2115bb526b1182edfefa2,0
89a52dc5a6171ac5ab2eaff0c1b51e00,4
89bfa7a852558ee3ba46883ef5fc7087,4
89ed1f5ee141dcb077679a90ae21f522,4
89f5309dd389938d40afc3c16db33e1a,1
8a4693254d5ae2824b7e8cf79850a3e9,0
8a714264b1f4827f1f5b81a98ac06a76,0
8b2528be02fa42acfaf6b218b64336c2,2
8b80170e7107e5629f3a795fe6f7e868,4
8c375511cdb047b89ca671c5ca0ec8a3,1
8c5d70acbcb60689bd69c81906584342,0
8c8d64affac93019fdd2ad2ed85daf8d,0
8cae5af9bf5e285d2650c87a9c251c7d,0
8cb0ff3913e60d8361f62bc927be9369,0
8cd00452ee9645a0e075ff1c37b4b427,1
8cee635c13b2d4d1826b6346ce25dcb9,0
8d190a837edcb2bdd9811f80c88a5f63,0
8d4e162701361afe0c5a99ee1d8d96de,3
8d9f772751ccdb00919edc79c1b052e1,0
8da5241c7bdeb6d4d6b120a5e97ccac8,0
8dacac16b36581e7cde1cfe797f4832e,2
8e067ecb34fd897da62616b736133daf,4
8e480567c45cd47c5406ddf3715a4b9f,3
8e710fc716d9764cc832cd311ad7df36,0
8e90a523e5b169e0fbc512f139f2bf6b,1
8f394dc618693c6ad328d17f433914a2,3
8f4bb2642ed5515c4b596032b176f3d9,1
8febb6b69d11bd7241d6e15aae8cf89b,0
9004118b117e6590c63058026af34915,0
900e2117efdc0601756ee8629ab47006,1
90355f915020cb40ef73a8e392b01e97,0
904d1a608bd3dea9996ae059d3c061b0,4
90823b3950f3de433214ccc180b661eb,0
90a8c251955fd53b9fd04e70c3b5bf03,0
90ab81601495fda258fb32de024ff3d7,0
90af7239cc5e7467923cfa82852f3b1c,2
90be4c530c6d2a3c7c2f1c0cee67326c,4
911df43af97d69c57ef9cd4b6de6ac72,3
91406e0e7056374fa65e11eb34268eda,0
9241adb91a6e12ee3f02376961753cf0,0
925f2ee9136667ab64f1a011e5f38650,3
927cd934a611d81f562b2220a50c36d9,0
927f17110b00405f0aaa28e68b23cb93,0
92958804e934873bf15a26eab3462bc4,3
92aa11f0c6b8d00d6bbd10d55e2452ae,0
92b542fd0d992062c28bc113df375cd3,0
92c5a183701c0fdc806ce5020084796d,3
92e0e404cc77ee5c7b294e01533a58c3,2
930c6b449c0ddcc4149c785ea6d53b69,3
93499f11a63df07e1cb900dc9b288cfc,2
935bbd39ff03a30278aeda6d70263624,1
936e8a4a19bab7eacb070ad78914af74,4
93a09c29af6225eadd376ecf6c763b71,0
93a1afd0ca54682cd8ffd3afff1afd8f,3
93d73c2ba7251f0a66fe1415d0bf27ff,1
940cc8209539e7891b074cbca0b3839f,0
94322fdf1f8601c903b2411d5d5543d3,4
9476eadbd57edae53f59745fc519481c,2
9498a54e3bc0da8ae0985b5df56bd2fa,3
94f13c4b16f2313f3746d7f5962eaec5,0
95201adc989f8b3cf0f973b506ef9207,4
95829b793aea08f9a390bba134649487,0
959dd1e475c0a34b1ca91e3990b0a8c3,2
95d7042e5c2f3a7beddb9919635a902b,1
95e810133c2bc296e7e8c1dbb7931480,3
95f851a2a66f7a6ca427e7fe1b81124d,0
9629850dced250b5b67a6a6ef2ab51f3,0
965228542c8e5250ee6bff151485344b,3
96775b0d1778d646c6c402d02fb8c102,3
971e616ea447d73d71ca2e83124cf6a0,2
9723e94b4b7ee7efe237669aec2deb7d,1
972e05be7c40eec96378e9c844001f2e,0
977c524f93c1177397920fb30132d7c9,2
9794308c9d22ed79e87a3ec723bf4a8b,1
97d77bd4f20052548d9a95cfbb4d208e,1
97da3bb66e647a4826086b41c3150290,1
97fdae968647e0cce03c311eafd00402,4
9817dfc7358763d7496a95c766abef52,4
986246a3c97cbdf80148b9278e867ba6,0
98708c20362062d822036edc0fcdaed9,0
98ad8f57c374d35a32a6bc03ecfe429b,0
98b9bf1162ecdba4148958546a7f3ce6,0
9983e0a663609567c0411b9016c088dc,3
99d62c7cc55d7e17377e7d55439e233c,0
9a05d7d8a4c52d0e91358597abc6eeba,0
9a07d6f8c4f7e2e686ad30def548855c,0
9a202324861eb1cb538cefa0ece231b3,0
9a6c2150d51e9333bc226c0cfb2989c4,0
9a767e12baabd1b3114c6bfa13a12ed4,0
9ab71171bcf633da4accfcc4a5836a90,3
9b02d071d3c97845e0eb5ba6c9751093,0
9b1d020d252092a370be6f352c58ae83,0
9b6b49bc3892ff4da0d39ecceb54e16f,2
9b826ed24e479b4c808d3240710869dd,0
9b89150f791570288a373c36fb6c0600,0
9bd5c0f4e2d987ca091bc398c66591d2,0
9c0bdaf69c1bb2c802ab32ddf0bcf2df,0
9c2134555f8647be37770d3f154865e9,1
9c2feb588839cae0a8104a7b2c27b799,4
9c3ca2b706700bbac8f169cda53a8b32,3
9c9d48a682a3c769f893570e1a0c2586,1
9cc5eee83cf0cd207486b614ec7eef48,4
9cf8141c8983436bf21794b225617c9c,0
9d05e643d82f44305ad7ab8e04a9c755,2
9d24528c3450e4b2cd1fe6cf29951100,2
9d29973d1d945264a7b430ab762495f5,0
9d45a3cf971f4f26d03037c04b962e21,0
9d52400f03db43536caa1f4991ce7acd,0
9d682c3e97fb1a7d5c3eb492d41bf5e0,4
9dd02211f93c73a3c069a8457160035b,0
9dd6505b35de67ba8952f133516d60dd,0
9dd7b4c2054cea13c67d30514ccaeba9,4
9e27e8c0697db4d8315c35b20b241db8,0
9e556dd01425132f9361e290fc58f0ac,4
9eb7e4bb415687759c04843a2c9a0b7c,0
9f08339fcb78d7cb8585a2b577a33ea0,4
9f8762888dafd37f500773da31647124,4
9f8db60fbe187d00639e9c926f6a5ccc,4
a01d2287ce2ac4795f87361f576901dd,3
a05adfabb2cf638e37835992ec016ca1,0
a07d52ebee87b463aac8f9461582816b,3
a0c3d0ddd41196aaa2edfc3b9cfa67a4,2
a0d9e7ede44f3a5ab53a442bc92f8884,0
a11b3b5b298b00b6ad72421b6424c1f5,1
a1291e39523689f38f2121e939f90c69,4
a13bd4ead5975a95d6497e843267d2d7,3
a16814a37899ca72c1ee9c2ca8310ccc,4
a1893fa7b4d3498c297ad62044a157ca,4
a1a6326378c7b67be8faca25636812be,1
a203d7240271f1c506bb1286def819cb,4
a258ba11f52e1c6c731d6a65a19118b0,0
a2593a39d1b1a841080756f2652882f5,0
a26c781719128085e31e7a33a4571caa,4
a2ae53c76c24be2871be773a01439433,4
a2c9c88d4ea36548b98465da85582344,1
a2ca46128dcbf625bc56e1e73ddf9da7,2
a2d3d27351394c76433d9a33c8d78a78,4
a2e24744f2d7f06554063985e91aa647,2
a303f12af47fdff01c5083b902a577c3,1
a32b530ee61ca9ee225c96b5d71d274e,0
a3357b31aa4e38dd0659623a8c551d17,4
a34a09305df72883e7ad15dcc7eff3ab,3
a37f45cf04af85ffcbec66d37824284e,0
a398309489778982c92fd020d0ab0b0e,2
a3a539edc2df183bb9725110ced88721,0
a3afcddacb33093e6937657b81167500,4
a40f50f812cd07fa8769aa00b94b73a2,1
a4190abb296590d6c02aa10305818762,0
a421d3cd25c5370c80d54bd59565947d,2
a4f6b5ce19b8acdb4612b3ad66d27068,2
a51c5ee945c7d55ebe382fe248cc2922,2
a5d00ae20be512ac885e3c7f189c7aab,0
a5dfe911c860b77d9539f3550e7c43cc,3
a610e3b41c2ef7eb132dad0f3370190e,0
a6120aa5bf482529c2139ba45e09dde5,1
a617d9fcdd957d86c3acc2a5463ad19c,2
a64d9f2261899d94fdda609c6c6cd08e,0
a66b1e660ee7b5ea83b3ac629203b8c9,0
a684a1a0e8f4bc009822c6d6ca193772,2
a70b845135d35a1e682197856b845863,1
a74d4fd585937277f7fc131ae8be61a5,2
a802b0e452ebb13aa4c6406cc4571003,4
a80f7ff1f7b716982ba527b0e6a7bd1e,4
a811fab9ab16442e77b8c5e587e35da9,1
a81d12e3cc8e38ce62c4d3e710c5f19c,0
a8441b879d836912846f2a7063d7c34b,2
a8c96613e1e704e327a0143f00725255,4
a8d919179c591840bceb1f546bc6e88d,0
a8ee3e22d9bb423c21894b4ecebe9e53,0
a8fba0c26e33c402943510c394864abb,1
a907e2087768e32f7ea7c47dfd70a3f7,2
a94750b8b06e154b50bcd4923d710c7b,0
a9484929b960932b672da5ce2061ae3c,0
a95e2d425f3ce41c6a1fcfc544b5358c,0
a973e3bb2483dd7182a7c55a00aa0a08,0
a9b65434a77247e45b00f16f5b1a1a05,2
aa446742fe62f155f2497fb1b6a8037b,0
aa71a7af27476c794c454e6c8696bc73,1
aaa56a9a8b1e301fc0905a5cabb98844,2
aaef2a12371273e55c05cc3129835240,0
ab415f958741c4da5e0ca60a6d15dd31,2
ab55f4d4075e0df6697fd90a0f04cbb3,3
ab565c4a9fee49e71a0d8fa708af7c49,0
ab75a3875790e32319ab001f20c6c9b8,0
ab7853099a6b23cc298494af1e18c2d8,2
aba61136901887a856e08adbe0a205a7,1
abae64ff01e1f0974dc7dfedbbefc54d,4
ac679df085f96ad1012cbe768c92512c,4
ac7fd7a9da7fb5e7567afd09f3f1c0d9,4
ac921aa85207e63eccbeedb41da65bb0,0
acd379da6ab7df7878ffa105b7fad5ba,2
ad34453024edd125d9e12f5931bbd921,4
ad421f9a910b4082463529380f9ff6b2,4
ad566f7f108261f3ee4a7bf393c9592d,0
adb6bf29902ca23d031223d813a4d799,4
adc49f535339300fa5195eebc4de82ef,0
add174b5a5e2dda694ef52618f6cfb40,1
add2b12de67811a227f7e2c112272736,0
ae17512b3c7a2493f220390c00cdd460,1
ae4b60b8114c7ff1e1edafa5819d8c49,0
ae7ea2ae1d43cf68e3f3568b1a361e7d,0
ae85774690d6a42d6797a4e18a859a28,3
aed08098e816027a0ff66fe1394bac0a,1
aeda097078aa20fbbb80fac3012985b2,0
aee92356c4acc7bec647f16567bcf44e,4
aef0d0b952fa35f359517e52b449bfff,0
aefeb98a70db146a49c76780bd72682b,1
af1ade565e3ade4cfe615ab6f2e87fc8,4
af52dab1f0b0373084e4e203256b15c8,2
af5b4b5dc89b5e4560a9f3376ffd250e,4
af6a0eebbf97bc9aa8a9c9c77bf3c7ee,4
afac890944002950ab90d81119df4a71,0
afb3912ed3ac13ee584769c7ee37ae46,4
afe0372e302683a3dd906c53ad39cc69,3
aff267b18e5562f28f667a14ad10c0ec,4
aff79886bf0f567c5968903614b0e179,0
b0b6e98d7bb0dfeea17685f844040454,1
b0f97c41c43e07e60d3896349a3bf230,0
b10d508fb0f8c8f8ef49df6d41b60934,0
b1afbc3385a77e8de3a74c7a38b44ea0,3
b22d6771ba14d17aed23184b00af7447,4
b2315dc64ae6b5fbd1ebd8ac5711551c,2
b2576f8659c8088f8d33dfd62d9cf0fa,1
b27d698705856801e724d6f2fefed336,1
b27f3f8cd6adb41a456a52f3f4cea67b,3
b2a97bb242f82306a0ba4c16f055ba56,1
b2c6e95e5ddec7b643c1cb389945c192,3
b2d7b585b65df13d4ec62cf7161e8748,3
b33f80b4eae580e42d70b702112e0ebc,0
b3521d2d04a752ba5ff8378c0c5dbe34,0
b357663ba6e7429327142a31fad5a934,4
b3eaefc629db698f3f4471d0c4024d58,0
b3fbb0211655ea4014e2100d71d97637,3
b43a78f8fd71e7a00b538349537a333b,0
b461657a169c95f83942ffb6b6294035,0
b4730200214f747be6fab6fe48d3d58e,0
b51b8387ae0d326f05f9ed7a54104654,4
b51d13dd56ed423138960e37d66ba9f2,3
b5255bda3fc71f1e6660d9c731cb568f,2
b52ee0b559cc0c180960d26ca0898a09,0
b5436392c1d3fbab436fb83051e1a0ad,0
b593a347577b0c9fcedb8000929d09dd,1
b5ad5874fbab8a7fb1695c59f756b998,4
b5e8dcfed3cb4b275479f20babb491e2,0
b60813a31db20c7504248a1da8fb6b5f,0
b614283305fd2c764255f8549733870c,4
b66252298daf19401866d345aa168ff7,4
b6bdb8c9999e658f3351fc768d0235bf,3
b6fdf38af5583a73cd1a21ff30d4cb7f,0
b7056ce934339dab5d7f159afc116548,0
b7350c1b4be0c947b88ebf0011d5586e,3
b74e19d93063c82a17fca366b11aab5c,4
b773160d4e8dca57be4559d02db7af0e,0
b7904fc79843028e7b565869e461a8c1,0
b7c8d77f658df50732b6bc558f4c7c71,0
b7d2d5c823b22d5ecec27bd3b012ee19,0
b8204dd449fba14b6132cfd0dd78f74a,4
b82058b81255ea04f64aef03f4b71378,1
b831ab9e8d799fad53c3f7fc13a8fdd9,4
b835af1c3caa2ab090a93fc7c6298d1a,0
b8bd241db8b2585a5de17e17f0331229,1
b8f014be602b3d9af729fa2ba75971bf,0
b9332721cfea9f02a35fc1dcdf1d6aee,1
b9469b9bd0da6d9b78c69c5a73e74556,1
b95b52927281f16e2bdf7816c09f6bb6,4
b99e41b2d81a213b6eaa8f120c3b4c10,0
ba0a984a4195e9c21b53dae3b0b2240d,4
ba391f3b6fd5bc8612146b9335594b71,1
bacfaf335b1de345356012f74ee76982,0
bb212cf56a0d62c657a9f0d4ae5f456a,0
bb28595332aeb3a78903370f4cd16a85,0
bb4310a134e7ab45ccf887772ce51a83,0
bb4b5ffda6c5baeef6b9f1349fd549f2,2
bb8dc12d6d4f0bee3cfd3c038e4dbce6,4
bba1a295c2b9da5aadf78bb9533107f6,4
bbb8c73fd9a49f8508359711fa8dddc3,0
bbd8220ef7b936e6dda2529e228f3bfc,0
bbdea1836442b891295e08e75ba351f7,0
bbffd9e9d8f480505d4e60cc161eff76,0
bc0249b9908018de2d4d0c74f477144e,1
bc3b909e82339fdb29d85d69cb66118d,4
bc3d7354aa09317d68b7b251ffe1dfc3,1
bc57555f20709e7efda866f4636df8f6,4
bc7d79dc91093b19341b63501c20d597,4
bc8188e5073a00736db5567a5717a5c4,3
bc9258885b462806101bd064b9cbf007,0
bcaf37de4ec4d2a833eb5d38cc574db4,3
bcb1e8d605a46611e747445e2f428ce3,2
bcdae3ddff91ece2e0324818a1b84c2e,1
bceec524b9a322364cbd1f7338ca18bf,1
bd185cefa6fcf8e621d0428cd29e92c3,4
bd2952c6074781162f78ca6786f4cb2f,4
bd6e8385aa26f1c4eef2996fa59948ff,0
bd73f6a84c0129df9673525a05ea9307,0
bd8f5de6a59c078064938b71aa3e1055,0
bdb03db55eb08f6bb9c702cceff60a6c,1
bde28619489f7e2a9cb2b2f3780fb8e6,2
bde3fd54ba1fe0f8f02edd0a24e17ada,0
be03e4e9d267d060258747e69a6a24d9,4
be4c55c16edbc62996b797c2233c869f,0
bead33cd0d743b5e7d77dde5c44ed9db,3
bec621c76b8b92b63f7968b0863b93bc,3
befe89c95818e7cca44cab89a667b594,4
bf567d76e4e5afab42d2e781d2cc41c4,4
bf7d18f4570da5c32a15d31aa6cf2f51,3
bf8360b7fdb6ef4fa5cb142a349ce8e9,0
bf9004ed2795e8ce8a506b7dbaba6547,1
bfc010e5374ca42c70c4b51ccf61255a,4
bfdf6606b4c088eb1afc50a9f975205b,4
bfe27ea2a5c50c36124a1a7cfc66575a,1
c0781e07ddb91ebe67be98473dc24100,2
c0d42e116857317aaacde5fe2c639b5c,0
c0f42ab90d68fe07d0653404ff5e30a8,4
c0f926e8851e8da17c06d67dc4ebb91f,0
c10d9eb4b1f9508c06b077de22e1eb0a,0
c15e7f9e34833a0fcf49621dbaef9da9,4
c16c48e102e4b302dc7d488d9490ebbc,3
c1eae87899ebdcbe7080361321fd9a47,1
c248ad15af2561b2b64ea75b666d4afa,1
c30fdf3254f45df7a682b52013d05ced,3
c310c0bbb5dfad5f7ded94e43c6e3ca5,3
c3b86482e58a8ac218bb2e7425c1ca97,2
c3c4be881731592f95423e43fc023132,3
c3fc764beb7b3f5a1bdcf46905dabedc,1
c413854b2d4e5e57b7df6de4a1a9ae57,4
c41f3fbf3f09b7a84e50e598d601da4b,0
c4227ab3cc739d55dc29e36bd7adb39b,0
c44e18addca5c840ffe5e679cda99a00,0
c45ba24e3affba0598bbe449d221b668,1
c48677db958f468288cdfd1b6ba83be8,0
c48e01abe839bcb9e9bd82f40e84d2a7,2
c4b48b651cbf2047c6c8ec197a814a32,3
c4c668038645330893638913ebe87d92,4
c4d127f3617e48a5917ebe5ce0675538,1
c5121e7978578d8800aeebb42d734544,4
c54d7b030376f95c2a15d7e0b9d32dd8,0
c54d88f6389085f357627b67aa6cd855,2
c5d13848047f7ff517e4782ab6b2049d,0
c5e356fe8de097c40a7cdbf20a56f7a1,1
c5ef7777dc1c2c65527ed24cfe0c93d1,0
c63734d4d8d6d9aec9219b1ad51a3d8a,4
c6852b22835e38b6ca28b6fb05867e21,3
c6885a40228be9ea959cfbad28a8bbc4,0
c6d566229d27224b1636b41fd220128a,0
c702f22b2a2a1d3535d4a46c9bc720ab,0
c70d232a07d7dd46bd4d4e65371e86ae,0
c7188ed3de7d347662e126347e67362d,0
c7739a98451e88356be4f5105c75a777,0
c78e4a192855ea8bed78bb8d27b07e9a,4
c7a7d5c6059724e1bda0ca6a6fb57ee3,1
c7b63745e2f593dc4e020a0185952c70,1
c7c5b03b4e132336ae7eb3c139471c82,4
c7ead31712d95d753b05c9c06e093fea,4
c8154c03e4968795cdbc0fffa55f7fad,1
c83200393c49c588588a6f96aa873a7e,0
c832a2818ea7f9d46d187dab14a69ccf,3
c841533dfd0451ddf81c0151458da580,0
c8474a52d696371d90637d76c04cffd7,0
c8a17c4d5f18a4baa31fee4cd2480ace,4
c8c54e41346725eb3f0cb22f8d19008b,0
c8e56c038358413211634b9e2160131b,4
c8f1092be2b982fea58f014b6ca8ac48,0
c901683d1224c72dec6eb1abb3a61024,0
c91b31ff288a78c8529eecd32c54b639,4
c98232a509a8b07fbcb135e1d5b822d8,0
c9af07d718249c1a8fe5f07d34828490,3
ca0fad83687c0edc712f32b2b5064fc4,0
ca73ecfa1f7da86c153c4c6c29c9c642,0
ca7ea7dfa3b3d72695f06232c1c3eacc,0
ca82ce5898387f8370173c1b19f707ee,1
cacc219886634a422e3024ca4b720bc5,4
cacf92cf30cc0cf81063f267e7513b66,2
cadbcebd5f06d3c3acf033abcd163a93,0
cae58541af2be5e3830dba244822c181,0
cae6765b77bb8dfcfb1050eba47bc2db,1
cb0e7a31f4088a7783b4a80d77651540,1
cb2b2dfccc39a5b57434c627badc636b,0
cb30864b4e75a77bc7e226f10d2d1548,2
cb33fb25b438c90f24588f863b58e313,0
cb55e0ba051a0a7653cc900fbc9ab991,4
cb5766aa2ba1357ab142169d8a24c560,3
cb8ed7bea564a9084206bf789c021558,0
cbb71cd01390c14b8d17dd346e18c740,4
cbc166a7ec407732e337416fc950a421,4
cbc502c3ffee3c7a4f21abbed8b74d8e,2
cc424de365a69f2b1e14507261217931,0
cc5d2296a9e0a327349df2f5509a5a2a,1
cc5d4e6b35f67423a3c5bb932ea4642f,3
cc6e3a2d3637178e1403f9635595ae50,1
cc80a1a57480689ed1703e85d88b7fcf,4
cc8ff2a5ee9460f1e41b5502eaa3e435,1
ccf398de50b6dc3179fcd8abe0a72b39,0
cd68d100a75459a6bf8e965479aa796a,0
cd837c686f2ecf2cb6fca6ff4b78d146,0
cdb03cc189398bf55336566d2d89db46,4
ce09e78028a304f177210ece47cd98a5,4
ce4f7957807caeb9a5234370d214da34,0
ce66ed42281960fa2bf9eff26ba6c49c,2
ce735d6bc56c6fd907b72a1961330f21,0
ceb77177a2b33eee25046d6e44443309,0
cebbab9e652be3187393b6da2a1b1083,0
cec4150bb114f94550fc964d4885d296,0
cee308e8ba790f073b63e3e6a328eecd,2
cef32b24225b5ba536e35078b52defb5,1
cf139db54bdde82b05cff48430327875,0
cf22cb98c5d05469ce6161fabe162495,4
cf438b69123f222743d0fb7f5f7a9821,4
cf6afcd95cb778569f685e710b928ad6,0
cfb66c97004d631ad60ea369d3a5fbb5,4
cfc064946a594ce20e56a12530afbf2b,3
d02b14ce8a4e3014f99e1b7a1c6c5d89,4
d0837d994c1033b84f2d245263ac6954,2
d0ae2859c5c7a48c35ebd9e933f0d3c9,1
d1098f950705bb427105b8df1b3132cd,2
d1bf0eb0b6a51d6afded9f70f5520b8e,3
d1de649f321af53378a0e2efa2d4b870,0
d1f6ca9430f76b0e926db89adeaaf659,0
d27dd77b8e7ba616dc33f9bd033a4319,0
d2860747c06d2ddbfe829d3c47a2facb,0
d28b1ac5e1f7b80aae06afccae5a00a0,4
d2de07229746cccedef4a6626d22a7b5,4
d3b804d72772aeaef4ec181c2f06d0a3,4
d42d52d3318abb87067f4923705fbd81,4
d434f1c03d2e870d1e08116e1ad80b0c,2
d472f6762ebd99f12f695e82c06f943f,0
d49046e92554c2244a3370bcef201375,4
d4ea3aad24db4cc51f6a44247917a55e,0
d564d37e03e7f84e4c30232bed6a1044,1
d56bda12f6c643d22eaa0e488840864f,0
d58eeadd1d4edf4a887760111a8a39ec,1
d59b19b973c5f231ab8e7ddcbd873e27,0
d5c40e5e370566c6a1302e40eabd593f,1
d5d5487a43df4480283c80423490095c,4
d6aeecfbdc4cbabf5ffc6f73fc58ffe2,4
d6ca270306d8e6d1c7ce8d9d633a9622,0
d6cd936d16ad8e8704842abae3dc04d8,2
d6cd9aa7b965d9e4456038832d4537e5,4
d6d988b69c681a3b82364f64924e5250,2
d6da236434405d5e3fa35cb69c008e80,3
d7155f8cdcae0398175534c571208f3a,3
d71de120b985ccaeabd7117a6be63394,0
d72ac08905ab74eb075cfe04b68907e4,0
d772d65063b0f9a9e518681d6a97a1e5,2
d81a6b64e32472f2d2b2c47273fba9a6,2
d8299401b0e5e15a690e899d4b229213,2
d8589bd5cd04a2cb076884fc22d16a6e,0
d88417efd8d460809dc0531927a67206,2
d893cdd58b734793ee0a95e46f664457,0
d8a29fc0d3e5703fcbfd5514a34adcd5,0
d8afd81a9ec1165a883bbf5293a70fca,4
d8aff62dd49a1eae9eeb778fae7c8824,0
d8cf2aa281fc2827c947cd40bde74c45,2
d917ef6cfa076abdc41431112350a8c2,2
d9246b724384830afb9f064acc22a0cf,4
d9e7923a4e7192bfca4e13c432d26567,3
da53b73f7b46fd7c2b83e114f8c087a9,3
da670fe0a0ce5f652c07104209be1325,0
da6b1937c0b41c2a85cb2a8382c908e0,4
daa18f13014452c23f43ce2860e1a027,1
dabe1ab3b4683f01f536f3f3830c1a24,0
daef7ddfd12e5e11dd98d3499aca7e05,4
dafc881eb5448cd34bd862dbea1c7b40,0
db574dec4223d88f3aa6ac1b61bccbc0,0
db869144d33d65c17bc3dd64c7dee913,1
db9e438dc36ddfaf6dcfeb1d4ce74ce4,0
dbdc4d3e1d309cfb0b2555fb863fec5e,2
dbf992327eab59b72cd57d31806edc6b,3
dc314403e2eb861d50270507c34113fd,0
dc3ddd89a9baffd41d8eeeb7f3617881,4
dc41b55d2a462b556d2403fba6e5b4e7,1
dc5c41dfcc836a771953c51a810aea08,0
dc721782d660b967bedf7fe133a03f82,3
dc81eaf9a937b5ba6814a85a03218992,0
dce14137d98cd923eb4727db9dcb7b55,4
dd2a2c9d6c39d62f510ec9a8d6931775,3
dd5750c06919e33068e2d32dbced9a23,4
dd78c8903deaf6174179800181ba4bf5,0
dda910671e3480a019b25632bbd35aea,0
ddc5b6d7e216f91402c5680044591f95,1
de0c79fa6b1abd557b30be6e9dd3c3ca,0
de69e21d348d13e44ffc413fc487e2df,0
de758b14ce2903ff0b97b374f54351b9,3
de76b25f9ce608b4a0d56b9692b63a23,0
deac710d9f7a92607a8e7bacd3337ffb,4
def5984cf5e62787d5843084d55d7678,0
def8ff41b6dc0d9ed90914a28b507cbf,0
df0e5003437504d53a284dc6feadec03,1
df2a28b276aac7f3c2e145003fe93d7f,3
df3f550b93be6992dcb0b9f2da7c1ecc,4
df677a88895ff314948f4b9faa069fd3,0
df7efd2a22a0de15e4eddd24eec57c46,1
df88fc2f24feab578d81e65e72b24028,4
dfa61c81331c2b6efab8901afc6df8b8,2
dfa647d1b537034dcfa15754ab9197b7,4
dfb856cb2a043133ca02205693f9e9cf,0
e07d4a005f50b90e371768e9d94ea4e4,0
e0cc53e8e3df9558e574f882b1120bad,0
e0ced79fb69d986027c835bc4790e66a,4
e0fd763f0e7535795f26e30866dca4bc,4
e1402a774e09c76554b16bd3eb670a32,3
e1416a492331edf225b475087650a4be,4
e15e3fa41b9049a35c83c8bc6326c936,4
e18a3c53440dd7b6e30047ff21cb14c8,0
e19432c5210ee3ff9a43555e0a2da008,2
e1d68651dccb6e8cea0ea965b96c0155,4
e266801faaf507ef4fe5f52ee3291b3e,1
e27fb6e8e8826efe55c68e6f07ffb0d7,1
e2a22d05da5dfe8f80f920d17fe084e0,0
e3391a00dbd7de48a039dc65b4ecdb5e,0
e339594d8bbe0781ff153711a3947d04,0
e34cbb4924a2ae73e73301ff3f7270fa,1
e4e6f20f7a0be9c1ec4b741d70c721af,3
e4e86f102f61e5af0c9464a91e6de316,1
e4f3f65248ac89b99bdb11ce65a0ad58,4
e523ba5980f7abbe720759decb013647,1
e52a81e17d3c3d6f962548cefdb0c779,2
e5512896776080414353b53f6b83f7e3,4
e595fe350c8cb404fcb17c13a3860765,4
e67bf7844555f116b0faf8d2d869156e,1
e67e7f038909bc7a8702a53c7bfbfcc1,0
e69321c0bacefe026fe6b83dfe47e7b1,2
e698fb705299ca90c50db86dba0f867c,4
e6eedcf49b984c9ff60aeb1c4f61ca43,0
e70ef90a4a2738fe51f0e8a3ccb3bcd0,0
e729256b1672c235c7a489f0e0c8d729,2
e72dfd4292ea50cf08e38350512e934a,0
e7630766fe4b2124a4dcedf42c380653,3
e777a20f83769c59d5cc58cb0a421b72,4
e7a5a43a3a03755b1ad887cabb928f96,0
e7e405690fb98b3277a11e903f41b13d,4
e8b2bff7d0af98cb7ed05344b153e808,1
e8d86937c2a739ed77cd32a9f47e2c67,3
e8ee454505e685a93f377bafdc5a568d,4
e9056b98f5cb13ffdb69f4e7be7e84fb,2
e922eab6115b1d7dba313da14e1258bc,4
e9337283860c86aa7900546978fc21f1,4
e93f6125ea3299bb0fdde2b0183ebc6e,0
e9698bcd7b31dc1cf663a50e4828e093,1
e9c66d19d7c4f971c0d6806b0772e01d,0
e9d725bd0b8d3dc26316fc79acb3d10f,0
ea34c845a1e90d04fbcf1c04dd9e11a5,0
ea45298c063b41262493fbfd46c7a29a,0
ea78a98221a8a4c77d60baa587dd5f54,1
ea92d81c8b4c01b014bc62eafb80d168,0
eaae9b9768f5cedf05d2a28b7232fece,1
eafa7ad7f4a4596f2c9526272e9bf027,4
eb21d11b06934da12f93e41d3c26e9c8,2
eb47b92b23087dda76c07051e10cb994,0
eb5d7e39fae1cc81da4836dd4a76a61d,1
eb82926a2d92fa673b8437acedfe4ecc,0
eb88cdf648a641edbe6a242c73c8bc13,2
ebaf40b8d7b3567a698358a4b72b4e49,0
ebb10e0b51450d4ce5fedf55c3ee5c6b,1
ebc2bfa72dda2037123dac5b45c7771a,0
ec6329be8abef50c0f68a747649e21a7,0
eca351d5b4b6faf9a7fcfeae6b8140fc,0
ecc2dc73aa05c4de7a93970578a66ada,2
ed4ca4ff7f6031ba3b0cf8959622baba,4
ed5f5f7e02857829a8ecb851ed13612a,4
ed86896bbbcf9db1d50b3d49a02c7cfa,4
ee4d31ca0587c78dde6500e624e012da,0
ee583fc0b35a3573bc659ce369f0b6e1,2
eeae72a16b37ddb3fdafbfe968fca3c2,4
eeefd7bfaab98c209c414eaf1ef11636,0
ef2c6cfc1b038075a86125cf6e0b3cf3,3
efd3a4f6e3d0138223e6bb737a5e7f14,4
efed5efda283002df2125a4239e9d99b,0
f02a19cb44028d165e228541eb624cf7,4
f03b19906b2842acba0d6b50d3b3e802,0
f040c32a287ef078510bca2af1af175e,0
f09b1c27ffd3984aa2524b8e0ddf6d92,3
f106d8931b9c4ece250ec1b306c85b8d,3
f12b4763f746996126d7a03172db12d6,3
f15e6a933de1a071d46256ede3609bef,1
f16a00d7802e0387a29915bc6b192633,0
f170b6577690abeb3323158c565e3488,4
f1969e85b852fcdfb7b319481451029e,3
f1ee3d81418dee435de8a07ebea4fef2,1
f21454d0509d14c8966c9ac318de8236,1
f274a3b1d8c18e49061b9aacffe2f52f,0
f29d8b9f46fac464c21a8f00c94b3e31,3
f2f6582e403dfbb9e8b4c2fafd6cc217,4
f306a75310f62b8479e2f9650f3acd99,0
f332f1dc4c69823c98095723443590d4,4
f35d6a2c12171b51a87c28fbeafb7fcc,0
f3a51483b28864562ec403c8f06d7819,1
f3bd310f761469f363abc8018c607c4b,2
f3c5e3d5b6fba49101e9c61b5648bd8f,2
f4db8d4e507896f6a6f42e7218a8dd3c,4
f4ebc11dd33992a4f70a873e85470853,1
f5229ea8ae52dff115db0d8f5b6ddf98,4
f593033f0065a6bcad6196a704974881,0
f5ac922d8d0c61aa94150e9d1ecfe25b,0
f5d5bf5898aef7eccf1c729cb5ecafbb,3
f5ea4655b81b69d7f3395709a158d39a,4
f606c44924e7ecda8adc9aecdaa0a4f9,3
f63176da84326c3c0c0fb3722310d9e6,4
f646f40f16e73ab1520027b3b64b93f5,0
f671c6c11c985e0128d75c54e540c914,1
f72c5af4ef82d8456e7fbde491756def,2
f749b03772c7a333bb4ddab2fbb5df75,0
f74cf8d53b7db2c89631aedf9a8a687b,2
f78118ede95ba4b7c1c78e63ebd648e0,2
f7a105d5d1dd443fc4b8cf47533b5093,4
f7a4d67d19f4d515aa9de9780dcdc7ef,1
f7a5a98063e5ed5ed8df5aaf9210b25d,4
f7e1b13eb50d989553d9bab2235a02e6,0
f7f408d9c880c96b33c861597b8bb57d,2
f84e05877dc27acab925bd5e7dcbedff,3
f8ac143583cb52fbfd7d7c28a0e87544,4
f8c1e856f5175172751399732e903bf9,2
f8ffa2015663be120699c9376ca0a7bd,0
f941c99f85e2c2f47536dd15bb96f68d,0
f9b50071fcaf19cd79e18aedb8cef50d,0
f9c7621c5c07bd7c7472b5d7aea3efb7,4
f9dc701e56501afc6595df37759ebb36,4
fa131d8507e472e3a2eeca1752c0009b,4
fa3f2a283ac97d404d37fb2a7d38c84e,0
fa52f3edc78743520ea7cf2834fff4af,3
fa71cec207997d65f41e2971148e6416,4
fa9c3ddc088df9ab2ad07905029f3798,4
fad526cf5a358273fe450ede2a6abfa7,2
faf2783601e342d81aadfb0c70c50be6,2
fb0e53107c48b231afbd89b4be0c2aae,2
fb735c00c7e59b533bf7c8e19b94d518,0
fb73bac5a73e6f5d7daa2cc9c3c7538a,2
fbbf6d4137dfa7add953e33d23fef024,4
fbc3d8d8cd95ca2abab5b8cd03316a5b,4
fbefec10fa74032250b35ad9e6527f6b,0
fc0026401089d19bc94cb5d7cf912b1f,3
fc36bf9cd65fddff3948d1d8a4991345,2
fc7ff2d1989111b53224af5d544b35ba,0
fc9ad4d9649626bb668387ea568ec5b7,0
fca16309a3f17ea7a0404ee026b50c39,3
fcceaed0183449ce4b962a35b7e207ef,4
fd00fef204920077b4c3b914ce3a8d6d,4
fd0f6061cc25e79b68959dd7bceff88b,4
fd207ef41946ce53db88ba4f1fe00ae8,1
fd24cbd50d268346738ec3b71d77aa4d,0
fd9093af3a6f59cc3bf491dcfc38653d,4
fe0c8e3569d105f9175bf2c303c9f968,2
fe1ef82fee3040df50eb994e4ee8be84,1
fe40f8f8f1c2b73761484505666c6932,1
fe54e08bdbb7f52768d55db97d905d5e,4
fe740853a2520a44ad0af67227000180,0
fe74c79bfe88b242030799cc11beb751,0
ff6883d04de66c6d4859928ec9d3f642,0
ff7b41d3b33fb7d0b6704f1093173c40,4
ffa5692a2dac937f456280c433961ea6,0
ffcaf0f29c6bede7b5cd9bc807c31715,1
ffd0c4403c3c44dcbe4772821b032252,4
